{
    "counter": {
        "ACTIVE": 18594,
        "INACTIVE": 2406,
        "INVALID": 0,
        "MALICIOUS": 0,
        "SANE": 0,
        "VALID": 0,
        "total": 21000
    },
    "percentage": {
        "ACTIVE": 88.54285714285714,
        "INACTIVE": 11.458779825689383,
        "INVALID": 0,
        "MALICIOUS": 0,
        "SANE": 0,
        "VALID": 0,
        "total": 100.00163696854653
    }
}