{
    "counter": {
        "ACTIVE": 15969,
        "INACTIVE": 5031,
        "INVALID": 0,
        "MALICIOUS": 0,
        "SANE": 0,
        "VALID": 0,
        "total": 21000
    },
    "percentage": {
        "ACTIVE": 76.04285714285714,
        "INACTIVE": 23.957142857142856,
        "INVALID": 0.0,
        "MALICIOUS": 0.0,
        "SANE": 0.0,
        "VALID": 0.0,
        "total": 100.0
    }
}