{
    "counter": {
        "ACTIVE": 18995,
        "INACTIVE": 2005,
        "INVALID": 0,
        "MALICIOUS": 0,
        "SANE": 0,
        "VALID": 0,
        "total": 21000
    },
    "percentage": {
        "ACTIVE": 90.45238095238095,
        "INACTIVE": 9.553077949304365,
        "INVALID": 0,
        "MALICIOUS": 0,
        "SANE": 0,
        "VALID": 0,
        "total": 100.00545890168532
    }
}