{
    "counter": {
        "ACTIVE": 15758,
        "INACTIVE": 5241,
        "INVALID": 1,
        "MALICIOUS": 0,
        "SANE": 0,
        "VALID": 0,
        "total": 21000
    },
    "percentage": {
        "ACTIVE": 75.03809523809524,
        "INACTIVE": 24.960708672667526,
        "INVALID": 0.011364927832708262,
        "MALICIOUS": 0,
        "SANE": 0,
        "VALID": 0,
        "total": 100.01016883859546
    }
}