{
    "counter": {
        "ACTIVE": 18611,
        "INACTIVE": 2389,
        "INVALID": 0,
        "MALICIOUS": 0,
        "SANE": 0,
        "VALID": 0,
        "total": 21000
    },
    "percentage": {
        "ACTIVE": 88.62380952380953,
        "INACTIVE": 11.382694873260911,
        "INVALID": 0,
        "MALICIOUS": 0,
        "SANE": 0,
        "VALID": 0,
        "total": 100.00650439707044
    }
}