{
    "counter": {
        "ACTIVE": 18779,
        "INACTIVE": 2221,
        "INVALID": 0,
        "MALICIOUS": 0,
        "SANE": 0,
        "VALID": 0,
        "total": 21000
    },
    "percentage": {
        "ACTIVE": 89.42380952380952,
        "INACTIVE": 10.582237469029922,
        "INVALID": 0,
        "MALICIOUS": 0,
        "SANE": 0,
        "VALID": 0,
        "total": 100.00604699283944
    }
}