{
    "counter": {
        "ACTIVE": 18531,
        "INACTIVE": 2469,
        "INVALID": 0,
        "MALICIOUS": 0,
        "SANE": 0,
        "VALID": 0,
        "total": 21000
    },
    "percentage": {
        "ACTIVE": 88.24285714285715,
        "INACTIVE": 11.768911768911769,
        "INVALID": 0,
        "MALICIOUS": 0,
        "SANE": 0,
        "VALID": 0,
        "total": 100.01176891176891
    }
}