{
    "counter": {
        "ACTIVE": 18167,
        "INACTIVE": 2833,
        "INVALID": 0,
        "MALICIOUS": 0,
        "SANE": 0,
        "VALID": 0,
        "total": 21000
    },
    "percentage": {
        "ACTIVE": 86.50952380952381,
        "INACTIVE": 13.503980170646837,
        "INVALID": 0,
        "MALICIOUS": 0,
        "SANE": 0,
        "VALID": 0,
        "total": 100.01350398017065
    }
}