{
    "counter": {
        "ACTIVE": 18314,
        "INACTIVE": 2686,
        "INVALID": 0,
        "MALICIOUS": 0,
        "SANE": 0,
        "VALID": 0,
        "total": 21000
    },
    "percentage": {
        "ACTIVE": 87.20952380952382,
        "INACTIVE": 12.797789212883552,
        "INVALID": 0,
        "MALICIOUS": 0,
        "SANE": 0,
        "VALID": 0,
        "total": 100.00731302240737
    }
}