{
    "counter": {
        "ACTIVE": 16653,
        "INACTIVE": 4346,
        "INVALID": 1,
        "MALICIOUS": 0,
        "SANE": 0,
        "VALID": 0,
        "total": 21000
    },
    "percentage": {
        "ACTIVE": 79.3188854489164,
        "INACTIVE": 20.695238095238096,
        "INVALID": 0.009706853038245,
        "MALICIOUS": 0,
        "SANE": 0,
        "VALID": 0,
        "total": 100.02383039719274
    }
}