{
    "counter": {
        "ACTIVE": 17388,
        "INACTIVE": 3611,
        "INVALID": 1,
        "MALICIOUS": 0,
        "SANE": 0,
        "VALID": 0,
        "total": 21000
    },
    "percentage": {
        "ACTIVE": 82.80788646537765,
        "INACTIVE": 17.195238095238096,
        "INVALID": 0.010102030508132135,
        "MALICIOUS": 0,
        "SANE": 0,
        "VALID": 0,
        "total": 100.01322659112388
    }
}